feature_set,candidate_screen_status,selection_reason,output_interaction_p_h8,support_p_h8,max_abs_profile_z_2025,condition_number,K_Y_h8,K_G_h8
trade+liq,RETAINED_DIAGNOSTIC_NOT_PAPER_TRUTH,all_diagnostic_gates_pass,0.0007715467184191958,0.9112592327321398,0.5755551475575922,27.0939913671797,1.8346807701247292,0.7293231893050262
trade,RETAINED_DIAGNOSTIC_NOT_PAPER_TRUTH,all_diagnostic_gates_pass,0.0019979390386957708,0.956246245168036,0.16113002632933232,26.921438632763216,1.7978399426675131,0.726559047560126
liq,RETAINED_DIAGNOSTIC_NOT_PAPER_TRUTH,all_diagnostic_gates_pass,0.003212361417673905,0.6783273220708312,0.5755551475575922,18.433149501910037,2.235753747310901,0.7671883315182209
trade+debt+liq,RETAINED_DIAGNOSTIC_NOT_PAPER_TRUTH,all_diagnostic_gates_pass,0.03267630108112329,0.9723536990956151,0.5755551475575922,29.823564437415964,1.184214409247155,0.6840044349530185
trade+debt,RETAINED_DIAGNOSTIC_NOT_PAPER_TRUTH,all_diagnostic_gates_pass,0.03985493692808067,0.998353411287846,0.16113002632933232,29.364574723907864,1.1414067593727162,0.6811918002191828
trade+liq+log_gdp_pc,RETAINED_DIAGNOSTIC_NOT_PAPER_TRUTH,all_diagnostic_gates_pass,0.06922382619226587,0.910413918839706,0.5755551475575922,27.848572112909245,0.5652784287223208,0.6949573945334977
debt,RETAINED_DIAGNOSTIC_NOT_PAPER_TRUTH,all_diagnostic_gates_pass,0.07957795840696283,0.9762080081774523,0.08146573873820974,25.974819518746465,1.7813435168502745,0.7526616391748677
trade+log_gdp_pc,RETAINED_DIAGNOSTIC_NOT_PAPER_TRUTH,all_diagnostic_gates_pass,0.07979938774128428,0.9564796545833864,0.16113002632933232,27.63254668861284,0.6418723846749156,0.6904762921419344
debt+liq,NOT_RETAINED_DIAGNOSTIC,output_interaction,0.11489136418172731,0.8930130085399594,0.5755551475575922,26.673004101787434,1.808652021470804,0.7434379170769627
trade+debt+log_gdp_pc,NOT_RETAINED_DIAGNOSTIC,output_interaction,0.12657698085532454,0.9930762962009395,0.16113002632933232,31.36384043718787,0.3264013654807776,0.6995435317862801
trade+debt+liq+log_gdp_pc,NOT_RETAINED_DIAGNOSTIC,output_interaction,0.17856052713728274,0.9612808023820477,0.5755551475575922,31.85725038091173,0.32665559341547235,0.7056236349953946
liq+log_gdp_pc,NOT_RETAINED_DIAGNOSTIC,output_interaction,0.279637140708513,0.7736383114400047,0.5755551475575922,19.715901639837575,0.686429415694148,0.7167658731051245
debt+log_gdp_pc,NOT_RETAINED_DIAGNOSTIC,output_interaction,0.2910208077643963,0.9576443724090653,0.08146573873820974,28.54524611759692,0.9342939825409808,0.769449695731621
log_gdp_pc,NOT_RETAINED_DIAGNOSTIC,output_interaction,0.46139997925120313,0.768679124071996,0.07401637081113775,18.207944432637365,0.9426081164889764,0.7349965523925807
debt+liq+log_gdp_pc,NOT_RETAINED_DIAGNOSTIC,output_interaction,0.5512557616692695,0.8950864340262408,0.5755551475575922,29.142423983644612,0.7874032349051078,0.7566438955070173
